index,lang_id
1,xho
2,xho
3,eng
4,zul
5,xho
6,ven
7,zul
8,eng
9,xho
10,xho
11,ven
12,zul
13,afr
14,eng
15,afr
16,xho
17,ven
18,xho
19,xho
20,xho
21,xho
22,xho
23,xho
24,xho
25,nbl
26,xho
27,ssw
28,ven
29,tso
30,afr
31,xho
32,afr
33,sot
34,xho
35,xho
36,xho
37,nbl
38,ssw
39,ven
40,ssw
41,xho
42,xho
43,nbl
44,xho
45,nbl
46,ssw
47,xho
48,eng
49,xho
50,xho
51,ven
52,ven
53,afr
54,ven
55,xho
56,eng
57,xho
58,xho
59,xho
60,eng
61,nbl
62,afr
63,ven
64,xho
65,ssw
66,xho
67,eng
68,tsn
69,ven
70,ven
71,xho
72,afr
73,xho
74,afr
75,xho
76,ssw
77,xho
78,afr
79,xho
80,xho
81,xho
82,ven
83,nbl
84,ven
85,zul
86,ven
87,ven
88,xho
89,afr
90,xho
91,zul
92,nso
93,xho
94,afr
95,xho
96,afr
97,xho
98,xho
99,ssw
100,xho
101,xho
102,nbl
103,afr
104,xho
105,sot
106,afr
107,xho
108,tso
109,afr
110,afr
111,ssw
112,xho
113,afr
114,afr
115,ven
116,ven
117,ven
118,ven
119,xho
120,xho
121,afr
122,ssw
123,xho
124,xho
125,afr
126,ssw
127,xho
128,nbl
129,xho
130,xho
131,tso
132,sot
133,xho
134,zul
135,ven
136,xho
137,xho
138,ven
139,xho
140,nbl
141,ven
142,afr
143,xho
144,nso
145,xho
146,ssw
147,nbl
148,nbl
149,nbl
150,ssw
151,nbl
152,ssw
153,afr
154,afr
155,xho
156,ssw
157,ssw
158,ssw
159,eng
160,ven
161,xho
162,afr
163,xho
164,nso
165,xho
166,ven
167,nso
168,xho
169,eng
170,tso
171,xho
172,tsn
173,xho
174,ven
175,zul
176,tso
177,xho
178,nso
179,afr
180,ssw
181,afr
182,afr
183,xho
184,xho
185,eng
186,ven
187,xho
188,xho
189,xho
190,nbl
191,ssw
192,afr
193,ven
194,ssw
195,xho
196,zul
197,eng
198,zul
199,xho
200,eng
201,ven
202,xho
203,nso
204,afr
205,xho
206,xho
207,ssw
208,tso
209,ven
210,xho
211,ven
212,afr
213,ven
214,nso
215,ssw
216,ven
217,nbl
218,eng
219,ven
220,xho
221,afr
222,ven
223,xho
224,ssw
225,xho
226,ssw
227,xho
228,ssw
229,xho
230,nso
231,xho
232,zul
233,sot
234,eng
235,ssw
236,xho
237,eng
238,afr
239,eng
240,nbl
241,ssw
242,xho
243,xho
244,zul
245,zul
246,afr
247,ven
248,tso
249,xho
250,xho
251,xho
252,sot
253,eng
254,xho
255,xho
256,xho
257,afr
258,xho
259,xho
260,xho
261,xho
262,zul
263,xho
264,ven
265,xho
266,xho
267,xho
268,zul
269,xho
270,ven
271,afr
272,zul
273,xho
274,ven
275,ssw
276,afr
277,sot
278,afr
279,eng
280,xho
281,xho
282,tsn
283,ven
284,xho
285,ssw
286,xho
287,nbl
288,xho
289,ssw
290,ssw
291,tsn
292,sot
293,afr
294,tso
295,ssw
296,ssw
297,ven
298,nbl
299,xho
300,ven
301,xho
302,ssw
303,ssw
304,xho
305,nbl
306,eng
307,tso
308,eng
309,ssw
310,afr
311,xho
312,xho
313,xho
314,ssw
315,xho
316,ssw
317,ven
318,zul
319,xho
320,xho
321,ssw
322,ssw
323,eng
324,ven
325,ssw
326,xho
327,nso
328,afr
329,ssw
330,ven
331,ssw
332,xho
333,xho
334,ssw
335,sot
336,ven
337,nbl
338,ssw
339,zul
340,ven
341,ven
342,xho
343,xho
344,tso
345,xho
346,ven
347,zul
348,xho
349,xho
350,xho
351,xho
352,ssw
353,tso
354,afr
355,afr
356,xho
357,ssw
358,sot
359,xho
360,xho
361,nbl
362,nbl
363,afr
364,ssw
365,xho
366,nbl
367,xho
368,ssw
369,eng
370,ven
371,xho
372,ven
373,eng
374,afr
375,ssw
376,eng
377,ven
378,nbl
379,afr
380,tso
381,xho
382,xho
383,ssw
384,xho
385,zul
386,nbl
387,ven
388,eng
389,ven
390,eng
391,ssw
392,zul
393,xho
394,sot
395,xho
396,ven
397,xho
398,eng
399,xho
400,xho
401,afr
402,xho
403,tso
404,tso
405,ssw
406,sot
407,ssw
408,xho
409,afr
410,xho
411,xho
412,xho
413,ven
414,tsn
415,afr
416,nbl
417,xho
418,zul
419,afr
420,afr
421,xho
422,tso
423,eng
424,xho
425,ssw
426,ven
427,sot
428,zul
429,xho
430,xho
431,nbl
432,zul
433,xho
434,afr
435,xho
436,zul
437,xho
438,ssw
439,xho
440,ssw
441,tso
442,nso
443,tso
444,ssw
445,xho
446,xho
447,ssw
448,ssw
449,ssw
450,xho
451,xho
452,xho
453,tso
454,ssw
455,ssw
456,ssw
457,eng
458,ssw
459,ven
460,xho
461,ssw
462,nbl
463,ssw
464,ssw
465,tso
466,xho
467,xho
468,xho
469,xho
470,xho
471,zul
472,xho
473,ssw
474,ven
475,afr
476,ssw
477,ssw
478,tsn
479,tso
480,xho
481,xho
482,eng
483,ven
484,xho
485,ssw
486,xho
487,eng
488,ssw
489,tso
490,nso
491,ven
492,sot
493,zul
494,ven
495,afr
496,xho
497,ssw
498,nbl
499,xho
500,xho
501,zul
502,nbl
503,xho
504,xho
505,nbl
506,xho
507,zul
508,afr
509,xho
510,xho
511,nbl
512,zul
513,eng
514,afr
515,xho
516,afr
517,eng
518,xho
519,afr
520,afr
521,xho
522,afr
523,ssw
524,xho
525,xho
526,ssw
527,xho
528,ven
529,ven
530,ven
531,nso
532,xho
533,afr
534,ssw
535,xho
536,xho
537,xho
538,zul
539,ssw
540,xho
541,xho
542,xho
543,afr
544,zul
545,xho
546,ssw
547,nbl
548,ssw
549,tso
550,nbl
551,nbl
552,eng
553,xho
554,xho
555,tso
556,xho
557,sot
558,nbl
559,nbl
560,tso
561,ssw
562,afr
563,xho
564,ven
565,xho
566,ssw
567,ven
568,afr
569,nbl
570,xho
571,xho
572,afr
573,afr
574,xho
575,xho
576,afr
577,xho
578,xho
579,xho
580,xho
581,ssw
582,eng
583,nbl
584,ssw
585,ven
586,sot
587,eng
588,eng
589,zul
590,xho
591,xho
592,eng
593,ssw
594,ven
595,ven
596,ssw
597,zul
598,sot
599,ven
600,xho
601,xho
602,xho
603,afr
604,afr
605,eng
606,tso
607,nbl
608,ven
609,afr
610,tso
611,afr
612,sot
613,zul
614,xho
615,zul
616,eng
617,ven
618,ssw
619,xho
620,xho
621,afr
622,zul
623,nso
624,xho
625,ven
626,xho
627,ssw
628,ssw
629,xho
630,xho
631,xho
632,xho
633,xho
634,afr
635,xho
636,ven
637,zul
638,eng
639,sot
640,xho
641,tso
642,nbl
643,ssw
644,afr
645,nso
646,ven
647,ssw
648,zul
649,nbl
650,sot
651,xho
652,xho
653,xho
654,afr
655,ssw
656,ven
657,eng
658,nbl
659,sot
660,xho
661,nbl
662,ven
663,ven
664,afr
665,nbl
666,xho
667,afr
668,nso
669,ven
670,xho
671,afr
672,xho
673,ssw
674,xho
675,ssw
676,xho
677,nbl
678,ven
679,nso
680,nso
681,xho
682,xho
683,xho
684,xho
685,eng
686,xho
687,zul
688,zul
689,xho
690,zul
691,ssw
692,xho
693,afr
694,ssw
695,xho
696,xho
697,eng
698,ven
699,eng
700,tso
701,eng
702,afr
703,afr
704,afr
705,afr
706,afr
707,ssw
708,ven
709,xho
710,ven
711,eng
712,xho
713,xho
714,afr
715,ssw
716,nbl
717,afr
718,afr
719,xho
720,ssw
721,zul
722,xho
723,nso
724,afr
725,xho
726,zul
727,nbl
728,zul
729,afr
730,zul
731,ssw
732,eng
733,eng
734,afr
735,eng
736,afr
737,xho
738,ssw
739,ven
740,ssw
741,xho
742,eng
743,ssw
744,nbl
745,eng
746,nbl
747,xho
748,afr
749,xho
750,xho
751,xho
752,ven
753,xho
754,nbl
755,ssw
756,afr
757,xho
758,afr
759,zul
760,xho
761,xho
762,ssw
763,tsn
764,ssw
765,ssw
766,nbl
767,tso
768,ven
769,eng
770,xho
771,eng
772,xho
773,ven
774,zul
775,ssw
776,zul
777,ven
778,xho
779,xho
780,ven
781,xho
782,xho
783,xho
784,afr
785,nbl
786,zul
787,ven
788,nso
789,afr
790,zul
791,xho
792,xho
793,xho
794,ssw
795,ssw
796,xho
797,xho
798,ven
799,xho
800,xho
801,xho
802,ven
803,ven
804,sot
805,ssw
806,afr
807,afr
808,ven
809,xho
810,xho
811,ssw
812,afr
813,xho
814,ssw
815,xho
816,nso
817,ssw
818,afr
819,xho
820,xho
821,ven
822,xho
823,afr
824,zul
825,ven
826,eng
827,ssw
828,afr
829,ssw
830,ssw
831,nbl
832,ven
833,zul
834,xho
835,eng
836,tso
837,nbl
838,ven
839,eng
840,afr
841,zul
842,tso
843,zul
844,eng
845,xho
846,zul
847,ssw
848,xho
849,sot
850,sot
851,afr
852,xho
853,xho
854,xho
855,ssw
856,eng
857,xho
858,xho
859,afr
860,xho
861,xho
862,ven
863,zul
864,afr
865,afr
866,ven
867,zul
868,nbl
869,ven
870,ssw
871,nbl
872,zul
873,sot
874,xho
875,afr
876,afr
877,xho
878,xho
879,xho
880,xho
881,xho
882,ven
883,ssw
884,afr
885,ssw
886,xho
887,xho
888,tso
889,ssw
890,xho
891,afr
892,afr
893,xho
894,ven
895,xho
896,afr
897,tso
898,xho
899,xho
900,xho
901,xho
902,xho
903,ssw
904,xho
905,eng
906,xho
907,ssw
908,ssw
909,zul
910,ven
911,xho
912,xho
913,zul
914,tso
915,ven
916,ven
917,zul
918,xho
919,afr
920,ssw
921,afr
922,nbl
923,xho
924,zul
925,eng
926,zul
927,sot
928,xho
929,xho
930,xho
931,xho
932,eng
933,ssw
934,afr
935,afr
936,ven
937,xho
938,ven
939,nbl
940,afr
941,zul
942,eng
943,afr
944,eng
945,ven
946,ven
947,afr
948,afr
949,sot
950,ssw
951,zul
952,xho
953,sot
954,ven
955,ssw
956,eng
957,xho
958,ven
959,ven
960,zul
961,tso
962,sot
963,xho
964,ssw
965,ven
966,afr
967,zul
968,afr
969,eng
970,ven
971,nbl
972,ssw
973,ssw
974,xho
975,eng
976,ven
977,afr
978,zul
979,xho
980,xho
981,afr
982,xho
983,xho
984,xho
985,zul
986,ven
987,ssw
988,xho
989,ven
990,sot
991,nso
992,ssw
993,xho
994,afr
995,xho
996,zul
997,sot
998,afr
999,zul
1000,xho
1001,xho
1002,zul
1003,ssw
1004,nbl
1005,xho
1006,xho
1007,sot
1008,xho
1009,xho
1010,ssw
1011,ssw
1012,xho
1013,xho
1014,ssw
1015,xho
1016,afr
1017,afr
1018,xho
1019,xho
1020,afr
1021,ssw
1022,nbl
1023,xho
1024,afr
1025,xho
1026,ven
1027,ven
1028,ssw
1029,zul
1030,nbl
1031,xho
1032,eng
1033,xho
1034,xho
1035,xho
1036,ven
1037,zul
1038,tsn
1039,afr
1040,ven
1041,afr
1042,xho
1043,xho
1044,afr
1045,eng
1046,zul
1047,ssw
1048,eng
1049,afr
1050,zul
1051,xho
1052,tso
1053,afr
1054,xho
1055,sot
1056,eng
1057,afr
1058,ven
1059,xho
1060,xho
1061,ssw
1062,xho
1063,ssw
1064,afr
1065,eng
1066,xho
1067,afr
1068,xho
1069,xho
1070,ven
1071,ssw
1072,eng
1073,ssw
1074,ssw
1075,afr
1076,afr
1077,ven
1078,ssw
1079,nbl
1080,sot
1081,xho
1082,zul
1083,nso
1084,xho
1085,xho
1086,eng
1087,eng
1088,eng
1089,ven
1090,xho
1091,nso
1092,xho
1093,ssw
1094,afr
1095,ssw
1096,xho
1097,ssw
1098,eng
1099,xho
1100,eng
1101,xho
1102,xho
1103,xho
1104,eng
1105,nbl
1106,afr
1107,afr
1108,sot
1109,ssw
1110,xho
1111,xho
1112,zul
1113,xho
1114,nbl
1115,xho
1116,ven
1117,ssw
1118,afr
1119,xho
1120,ssw
1121,afr
1122,ssw
1123,tso
1124,nbl
1125,afr
1126,afr
1127,tso
1128,zul
1129,nbl
1130,afr
1131,afr
1132,xho
1133,zul
1134,xho
1135,ssw
1136,xho
1137,ssw
1138,ven
1139,ssw
1140,eng
1141,eng
1142,ven
1143,xho
1144,nbl
1145,nbl
1146,sot
1147,tso
1148,ven
1149,tsn
1150,ven
1151,tso
1152,xho
1153,afr
1154,xho
1155,eng
1156,xho
1157,afr
1158,afr
1159,xho
1160,xho
1161,nbl
1162,xho
1163,xho
1164,afr
1165,eng
1166,zul
1167,nso
1168,xho
1169,eng
1170,ssw
1171,ssw
1172,xho
1173,xho
1174,xho
1175,ssw
1176,zul
1177,ven
1178,xho
1179,ssw
1180,xho
1181,xho
1182,afr
1183,sot
1184,sot
1185,xho
1186,ssw
1187,zul
1188,ven
1189,sot
1190,afr
1191,afr
1192,sot
1193,ssw
1194,afr
1195,ven
1196,xho
1197,xho
1198,ven
1199,xho
1200,xho
1201,ssw
1202,zul
1203,ven
1204,ssw
1205,nbl
1206,ven
1207,xho
1208,ven
1209,afr
1210,xho
1211,xho
1212,ven
1213,ssw
1214,xho
1215,ssw
1216,xho
1217,ven
1218,zul
1219,xho
1220,ven
1221,afr
1222,ven
1223,afr
1224,ssw
1225,xho
1226,xho
1227,afr
1228,xho
1229,xho
1230,xho
1231,xho
1232,xho
1233,ssw
1234,afr
1235,sot
1236,eng
1237,zul
1238,xho
1239,xho
1240,eng
1241,xho
1242,xho
1243,xho
1244,xho
1245,xho
1246,eng
1247,eng
1248,ven
1249,xho
1250,ven
1251,xho
1252,xho
1253,ven
1254,xho
1255,afr
1256,ssw
1257,afr
1258,ven
1259,xho
1260,xho
1261,xho
1262,ven
1263,xho
1264,xho
1265,nbl
1266,xho
1267,afr
1268,afr
1269,zul
1270,eng
1271,ven
1272,xho
1273,ssw
1274,xho
1275,xho
1276,ssw
1277,nbl
1278,xho
1279,eng
1280,nbl
1281,xho
1282,ssw
1283,xho
1284,eng
1285,xho
1286,ven
1287,afr
1288,xho
1289,ven
1290,zul
1291,xho
1292,xho
1293,xho
1294,zul
1295,zul
1296,tso
1297,afr
1298,eng
1299,ven
1300,tsn
1301,xho
1302,zul
1303,zul
1304,afr
1305,ven
1306,ven
1307,ven
1308,zul
1309,xho
1310,ven
1311,nbl
1312,xho
1313,tso
1314,xho
1315,afr
1316,xho
1317,ssw
1318,tso
1319,ven
1320,eng
1321,ven
1322,nbl
1323,xho
1324,afr
1325,eng
1326,ven
1327,xho
1328,afr
1329,afr
1330,ssw
1331,xho
1332,xho
1333,nbl
1334,sot
1335,xho
1336,xho
1337,nbl
1338,afr
1339,ssw
1340,ven
1341,sot
1342,afr
1343,tso
1344,ven
1345,ssw
1346,zul
1347,xho
1348,afr
1349,ven
1350,ssw
1351,tsn
1352,afr
1353,ven
1354,xho
1355,ssw
1356,xho
1357,xho
1358,tso
1359,xho
1360,xho
1361,nbl
1362,xho
1363,afr
1364,zul
1365,eng
1366,tso
1367,tso
1368,xho
1369,afr
1370,xho
1371,xho
1372,sot
1373,xho
1374,xho
1375,xho
1376,tso
1377,xho
1378,afr
1379,ven
1380,zul
1381,sot
1382,xho
1383,xho
1384,ssw
1385,afr
1386,afr
1387,ven
1388,tso
1389,ssw
1390,nbl
1391,zul
1392,zul
1393,eng
1394,nbl
1395,nso
1396,ven
1397,nbl
1398,xho
1399,xho
1400,afr
1401,xho
1402,afr
1403,ssw
1404,xho
1405,xho
1406,afr
1407,sot
1408,nbl
1409,xho
1410,ven
1411,ven
1412,nbl
1413,zul
1414,nbl
1415,xho
1416,ssw
1417,nso
1418,afr
1419,nbl
1420,nso
1421,xho
1422,ven
1423,xho
1424,xho
1425,tso
1426,ssw
1427,afr
1428,tso
1429,ven
1430,ssw
1431,ven
1432,xho
1433,tso
1434,ven
1435,ssw
1436,ven
1437,xho
1438,afr
1439,ssw
1440,ven
1441,zul
1442,xho
1443,zul
1444,ven
1445,xho
1446,xho
1447,xho
1448,afr
1449,xho
1450,xho
1451,ssw
1452,sot
1453,ven
1454,tso
1455,afr
1456,xho
1457,xho
1458,tso
1459,zul
1460,xho
1461,ssw
1462,xho
1463,xho
1464,afr
1465,ssw
1466,xho
1467,xho
1468,xho
1469,zul
1470,xho
1471,xho
1472,zul
1473,xho
1474,sot
1475,zul
1476,sot
1477,afr
1478,tso
1479,zul
1480,xho
1481,xho
1482,ven
1483,xho
1484,xho
1485,eng
1486,sot
1487,nbl
1488,xho
1489,zul
1490,zul
1491,zul
1492,zul
1493,afr
1494,xho
1495,ssw
1496,afr
1497,eng
1498,xho
1499,xho
1500,eng
1501,ssw
1502,xho
1503,xho
1504,nbl
1505,nbl
1506,sot
1507,xho
1508,nbl
1509,eng
1510,afr
1511,ssw
1512,sot
1513,eng
1514,xho
1515,ssw
1516,afr
1517,ssw
1518,ven
1519,ssw
1520,afr
1521,nbl
1522,eng
1523,xho
1524,xho
1525,afr
1526,afr
1527,xho
1528,xho
1529,eng
1530,ven
1531,xho
1532,xho
1533,xho
1534,afr
1535,ssw
1536,nbl
1537,ven
1538,zul
1539,afr
1540,ven
1541,tso
1542,xho
1543,xho
1544,xho
1545,xho
1546,ssw
1547,ven
1548,xho
1549,xho
1550,afr
1551,nbl
1552,ssw
1553,ssw
1554,eng
1555,ven
1556,xho
1557,nso
1558,ven
1559,ssw
1560,ssw
1561,xho
1562,eng
1563,tso
1564,afr
1565,zul
1566,ven
1567,afr
1568,zul
1569,afr
1570,ssw
1571,ven
1572,ssw
1573,xho
1574,nbl
1575,afr
1576,zul
1577,xho
1578,xho
1579,xho
1580,xho
1581,ssw
1582,afr
1583,xho
1584,xho
1585,eng
1586,xho
1587,afr
1588,sot
1589,xho
1590,ven
1591,eng
1592,ven
1593,ven
1594,ssw
1595,xho
1596,afr
1597,zul
1598,xho
1599,ssw
1600,xho
1601,xho
1602,xho
1603,xho
1604,ssw
1605,afr
1606,xho
1607,ssw
1608,xho
1609,xho
1610,xho
1611,xho
1612,ven
1613,afr
1614,xho
1615,afr
1616,afr
1617,afr
1618,xho
1619,xho
1620,xho
1621,ven
1622,zul
1623,xho
1624,ssw
1625,tsn
1626,ssw
1627,ven
1628,xho
1629,afr
1630,nso
1631,eng
1632,xho
1633,ssw
1634,ssw
1635,ven
1636,xho
1637,ssw
1638,xho
1639,ven
1640,ven
1641,xho
1642,nbl
1643,eng
1644,ven
1645,ssw
1646,ssw
1647,ven
1648,xho
1649,xho
1650,nbl
1651,afr
1652,tso
1653,afr
1654,tso
1655,ssw
1656,xho
1657,eng
1658,xho
1659,xho
1660,xho
1661,afr
1662,zul
1663,xho
1664,nbl
1665,xho
1666,xho
1667,zul
1668,xho
1669,ssw
1670,afr
1671,xho
1672,ssw
1673,tso
1674,xho
1675,ven
1676,ven
1677,zul
1678,ven
1679,xho
1680,xho
1681,afr
1682,sot
1683,xho
1684,ssw
1685,eng
1686,eng
1687,zul
1688,ven
1689,ssw
1690,xho
1691,ven
1692,nso
1693,ssw
1694,sot
1695,afr
1696,xho
1697,xho
1698,xho
1699,zul
1700,nso
1701,xho
1702,ven
1703,xho
1704,tso
1705,nso
1706,xho
1707,eng
1708,xho
1709,xho
1710,xho
1711,xho
1712,xho
1713,xho
1714,xho
1715,xho
1716,eng
1717,nbl
1718,xho
1719,xho
1720,afr
1721,nso
1722,zul
1723,afr
1724,ssw
1725,ven
1726,ssw
1727,afr
1728,xho
1729,ssw
1730,zul
1731,eng
1732,ven
1733,eng
1734,zul
1735,xho
1736,zul
1737,ven
1738,xho
1739,tso
1740,ssw
1741,xho
1742,ssw
1743,ssw
1744,afr
1745,eng
1746,xho
1747,eng
1748,xho
1749,tso
1750,afr
1751,ven
1752,xho
1753,afr
1754,xho
1755,ssw
1756,sot
1757,sot
1758,ssw
1759,ven
1760,ven
1761,eng
1762,xho
1763,ssw
1764,nso
1765,xho
1766,xho
1767,afr
1768,zul
1769,zul
1770,xho
1771,ven
1772,ven
1773,sot
1774,xho
1775,xho
1776,afr
1777,ssw
1778,nbl
1779,nbl
1780,xho
1781,afr
1782,sot
1783,ven
1784,afr
1785,ssw
1786,zul
1787,xho
1788,xho
1789,xho
1790,xho
1791,xho
1792,afr
1793,ven
1794,afr
1795,xho
1796,xho
1797,xho
1798,ssw
1799,xho
1800,eng
1801,xho
1802,ssw
1803,tsn
1804,sot
1805,eng
1806,xho
1807,tso
1808,afr
1809,xho
1810,afr
1811,ssw
1812,zul
1813,xho
1814,zul
1815,afr
1816,afr
1817,nso
1818,nso
1819,xho
1820,ven
1821,ven
1822,xho
1823,xho
1824,ven
1825,ven
1826,xho
1827,xho
1828,xho
1829,xho
1830,xho
1831,xho
1832,afr
1833,nbl
1834,ven
1835,xho
1836,zul
1837,xho
1838,nbl
1839,xho
1840,eng
1841,ssw
1842,ven
1843,tso
1844,nbl
1845,afr
1846,xho
1847,xho
1848,afr
1849,afr
1850,xho
1851,tsn
1852,nso
1853,zul
1854,ven
1855,sot
1856,ven
1857,zul
1858,xho
1859,tso
1860,xho
1861,nbl
1862,zul
1863,xho
1864,zul
1865,eng
1866,sot
1867,xho
1868,ssw
1869,xho
1870,xho
1871,xho
1872,ssw
1873,nso
1874,eng
1875,nbl
1876,ssw
1877,sot
1878,xho
1879,nbl
1880,xho
1881,nbl
1882,nbl
1883,sot
1884,sot
1885,ssw
1886,zul
1887,eng
1888,ven
1889,nbl
1890,tso
1891,ssw
1892,ssw
1893,xho
1894,zul
1895,ssw
1896,ssw
1897,eng
1898,ssw
1899,tso
1900,sot
1901,xho
1902,tso
1903,afr
1904,afr
1905,afr
1906,eng
1907,afr
1908,eng
1909,xho
1910,nso
1911,tso
1912,ssw
1913,ven
1914,xho
1915,xho
1916,xho
1917,xho
1918,ssw
1919,afr
1920,ssw
1921,zul
1922,xho
1923,afr
1924,xho
1925,ven
1926,ven
1927,ssw
1928,xho
1929,xho
1930,afr
1931,afr
1932,eng
1933,zul
1934,afr
1935,xho
1936,afr
1937,ssw
1938,nso
1939,xho
1940,xho
1941,ven
1942,afr
1943,zul
1944,xho
1945,xho
1946,ssw
1947,ven
1948,xho
1949,afr
1950,xho
1951,ssw
1952,tso
1953,ven
1954,xho
1955,xho
1956,xho
1957,xho
1958,ssw
1959,eng
1960,zul
1961,afr
1962,ven
1963,afr
1964,ven
1965,xho
1966,xho
1967,xho
1968,ssw
1969,ssw
1970,xho
1971,ssw
1972,eng
1973,zul
1974,xho
1975,xho
1976,tsn
1977,nbl
1978,ven
1979,sot
1980,nbl
1981,ven
1982,xho
1983,tso
1984,afr
1985,xho
1986,zul
1987,ven
1988,xho
1989,nbl
1990,afr
1991,xho
1992,nbl
1993,eng
1994,afr
1995,zul
1996,ssw
1997,tsn
1998,eng
1999,ven
2000,nso
2001,tso
2002,tso
2003,nso
2004,nso
2005,tso
2006,zul
2007,afr
2008,xho
2009,eng
2010,ssw
2011,xho
2012,nbl
2013,xho
2014,xho
2015,xho
2016,nbl
2017,xho
2018,xho
2019,xho
2020,xho
2021,afr
2022,afr
2023,afr
2024,xho
2025,xho
2026,nbl
2027,tso
2028,ven
2029,nbl
2030,ssw
2031,tsn
2032,xho
2033,ssw
2034,xho
2035,xho
2036,tso
2037,afr
2038,tsn
2039,xho
2040,eng
2041,xho
2042,ven
2043,nbl
2044,xho
2045,nso
2046,ven
2047,ven
2048,tso
2049,xho
2050,ssw
2051,xho
2052,ssw
2053,ven
2054,afr
2055,afr
2056,zul
2057,xho
2058,afr
2059,zul
2060,xho
2061,nbl
2062,ssw
2063,xho
2064,xho
2065,eng
2066,xho
2067,ssw
2068,ssw
2069,xho
2070,ssw
2071,afr
2072,ssw
2073,sot
2074,afr
2075,ssw
2076,ssw
2077,xho
2078,ssw
2079,ven
2080,zul
2081,ven
2082,eng
2083,xho
2084,ssw
2085,ssw
2086,nbl
2087,tso
2088,xho
2089,eng
2090,zul
2091,xho
2092,eng
2093,xho
2094,zul
2095,ssw
2096,eng
2097,ssw
2098,ssw
2099,zul
2100,afr
2101,ven
2102,ven
2103,ssw
2104,afr
2105,xho
2106,xho
2107,xho
2108,ssw
2109,tsn
2110,xho
2111,xho
2112,xho
2113,xho
2114,xho
2115,afr
2116,zul
2117,afr
2118,afr
2119,ssw
2120,ssw
2121,sot
2122,ven
2123,ssw
2124,xho
2125,afr
2126,nbl
2127,nbl
2128,nbl
2129,xho
2130,xho
2131,nbl
2132,tso
2133,afr
2134,xho
2135,afr
2136,afr
2137,xho
2138,ssw
2139,afr
2140,zul
2141,afr
2142,sot
2143,xho
2144,ssw
2145,ssw
2146,ven
2147,eng
2148,zul
2149,xho
2150,ssw
2151,ssw
2152,zul
2153,ven
2154,afr
2155,nbl
2156,xho
2157,xho
2158,ven
2159,nbl
2160,xho
2161,zul
2162,sot
2163,xho
2164,ssw
2165,xho
2166,ssw
2167,nso
2168,nbl
2169,xho
2170,nbl
2171,zul
2172,ssw
2173,eng
2174,sot
2175,tso
2176,ven
2177,ven
2178,tso
2179,nso
2180,xho
2181,nbl
2182,afr
2183,xho
2184,nso
2185,eng
2186,ven
2187,ssw
2188,zul
2189,xho
2190,nbl
2191,xho
2192,ven
2193,ssw
2194,ssw
2195,sot
2196,ven
2197,afr
2198,zul
2199,zul
2200,xho
2201,xho
2202,zul
2203,ssw
2204,afr
2205,ven
2206,afr
2207,xho
2208,xho
2209,ssw
2210,zul
2211,ven
2212,zul
2213,ssw
2214,xho
2215,afr
2216,xho
2217,tsn
2218,ven
2219,xho
2220,eng
2221,nbl
2222,afr
2223,ven
2224,xho
2225,zul
2226,eng
2227,xho
2228,afr
2229,xho
2230,ven
2231,ven
2232,xho
2233,xho
2234,eng
2235,xho
2236,zul
2237,xho
2238,xho
2239,nbl
2240,xho
2241,eng
2242,afr
2243,xho
2244,xho
2245,xho
2246,xho
2247,xho
2248,ssw
2249,xho
2250,ssw
2251,ssw
2252,zul
2253,afr
2254,eng
2255,ven
2256,xho
2257,ven
2258,afr
2259,xho
2260,xho
2261,ssw
2262,xho
2263,nbl
2264,ven
2265,xho
2266,afr
2267,eng
2268,xho
2269,sot
2270,nbl
2271,eng
2272,eng
2273,nso
2274,ssw
2275,tso
2276,nbl
2277,eng
2278,ssw
2279,xho
2280,xho
2281,zul
2282,nbl
2283,ssw
2284,xho
2285,xho
2286,xho
2287,nbl
2288,eng
2289,ven
2290,zul
2291,afr
2292,xho
2293,ssw
2294,ven
2295,zul
2296,nso
2297,xho
2298,ssw
2299,xho
2300,xho
2301,eng
2302,ven
2303,xho
2304,afr
2305,xho
2306,nbl
2307,zul
2308,zul
2309,ven
2310,xho
2311,ven
2312,afr
2313,ssw
2314,xho
2315,afr
2316,nbl
2317,xho
2318,nbl
2319,eng
2320,afr
2321,eng
2322,nbl
2323,xho
2324,afr
2325,tso
2326,xho
2327,tsn
2328,zul
2329,xho
2330,xho
2331,afr
2332,afr
2333,nbl
2334,xho
2335,xho
2336,ven
2337,xho
2338,nbl
2339,sot
2340,afr
2341,xho
2342,xho
2343,xho
2344,ssw
2345,afr
2346,sot
2347,sot
2348,xho
2349,xho
2350,xho
2351,xho
2352,eng
2353,ven
2354,xho
2355,xho
2356,nbl
2357,xho
2358,xho
2359,xho
2360,ven
2361,ssw
2362,xho
2363,eng
2364,afr
2365,xho
2366,xho
2367,afr
2368,afr
2369,xho
2370,ven
2371,tsn
2372,ven
2373,ssw
2374,ven
2375,zul
2376,xho
2377,ven
2378,afr
2379,ven
2380,ssw
2381,eng
2382,xho
2383,xho
2384,ven
2385,nso
2386,ven
2387,ssw
2388,zul
2389,xho
2390,afr
2391,xho
2392,ssw
2393,xho
2394,zul
2395,eng
2396,afr
2397,xho
2398,xho
2399,afr
2400,nbl
2401,ssw
2402,ssw
2403,zul
2404,ven
2405,xho
2406,xho
2407,nbl
2408,xho
2409,ssw
2410,xho
2411,ven
2412,ven
2413,ven
2414,nso
2415,afr
2416,ssw
2417,sot
2418,xho
2419,tso
2420,ven
2421,ssw
2422,nbl
2423,ssw
2424,tso
2425,afr
2426,ssw
2427,ven
2428,eng
2429,ssw
2430,tsn
2431,afr
2432,xho
2433,xho
2434,zul
2435,ven
2436,afr
2437,nso
2438,xho
2439,ssw
2440,ssw
2441,xho
2442,xho
2443,ssw
2444,afr
2445,xho
2446,zul
2447,nbl
2448,ssw
2449,xho
2450,xho
2451,nbl
2452,ven
2453,xho
2454,xho
2455,xho
2456,nbl
2457,xho
2458,xho
2459,eng
2460,xho
2461,xho
2462,afr
2463,nbl
2464,nbl
2465,xho
2466,zul
2467,ssw
2468,eng
2469,ssw
2470,xho
2471,xho
2472,xho
2473,ven
2474,xho
2475,xho
2476,ssw
2477,xho
2478,sot
2479,afr
2480,xho
2481,xho
2482,zul
2483,afr
2484,zul
2485,xho
2486,eng
2487,afr
2488,xho
2489,xho
2490,ssw
2491,xho
2492,ven
2493,ven
2494,xho
2495,tso
2496,xho
2497,ven
2498,xho
2499,tso
2500,nso
2501,xho
2502,xho
2503,ven
2504,ssw
2505,xho
2506,eng
2507,xho
2508,ven
2509,xho
2510,ven
2511,ssw
2512,zul
2513,tso
2514,xho
2515,xho
2516,ven
2517,ssw
2518,ssw
2519,xho
2520,eng
2521,afr
2522,ven
2523,xho
2524,sot
2525,ssw
2526,ven
2527,nbl
2528,ssw
2529,xho
2530,xho
2531,eng
2532,xho
2533,tso
2534,xho
2535,xho
2536,zul
2537,tsn
2538,afr
2539,afr
2540,nbl
2541,ven
2542,xho
2543,xho
2544,zul
2545,zul
2546,afr
2547,afr
2548,ssw
2549,xho
2550,ssw
2551,ven
2552,nbl
2553,afr
2554,afr
2555,xho
2556,afr
2557,xho
2558,xho
2559,tso
2560,zul
2561,ssw
2562,zul
2563,ven
2564,nbl
2565,xho
2566,afr
2567,zul
2568,eng
2569,ven
2570,ssw
2571,nbl
2572,tso
2573,sot
2574,xho
2575,xho
2576,xho
2577,xho
2578,eng
2579,nbl
2580,tso
2581,ssw
2582,ven
2583,xho
2584,xho
2585,zul
2586,afr
2587,eng
2588,xho
2589,nbl
2590,zul
2591,ssw
2592,ssw
2593,xho
2594,ven
2595,zul
2596,nso
2597,nbl
2598,xho
2599,xho
2600,ssw
2601,tso
2602,ssw
2603,tso
2604,ven
2605,xho
2606,eng
2607,xho
2608,ssw
2609,afr
2610,xho
2611,xho
2612,eng
2613,ven
2614,ven
2615,afr
2616,xho
2617,ssw
2618,xho
2619,ssw
2620,xho
2621,ven
2622,ven
2623,xho
2624,afr
2625,afr
2626,xho
2627,ssw
2628,ssw
2629,xho
2630,afr
2631,xho
2632,xho
2633,xho
2634,afr
2635,eng
2636,zul
2637,xho
2638,xho
2639,afr
2640,ssw
2641,afr
2642,xho
2643,xho
2644,ven
2645,nso
2646,eng
2647,afr
2648,ven
2649,xho
2650,ssw
2651,eng
2652,eng
2653,xho
2654,xho
2655,ssw
2656,ssw
2657,xho
2658,xho
2659,ssw
2660,xho
2661,xho
2662,ssw
2663,xho
2664,ssw
2665,ssw
2666,tso
2667,ven
2668,xho
2669,ssw
2670,afr
2671,ssw
2672,sot
2673,xho
2674,ven
2675,tso
2676,xho
2677,nbl
2678,zul
2679,xho
2680,eng
2681,xho
2682,nso
2683,nbl
2684,zul
2685,zul
2686,xho
2687,xho
2688,afr
2689,xho
2690,tso
2691,afr
2692,xho
2693,ssw
2694,xho
2695,tso
2696,nbl
2697,xho
2698,xho
2699,afr
2700,xho
2701,xho
2702,xho
2703,nbl
2704,ssw
2705,afr
2706,ven
2707,eng
2708,eng
2709,xho
2710,xho
2711,xho
2712,nbl
2713,xho
2714,ven
2715,nbl
2716,xho
2717,ven
2718,eng
2719,ssw
2720,xho
2721,ven
2722,zul
2723,ssw
2724,xho
2725,xho
2726,ven
2727,xho
2728,ssw
2729,xho
2730,tso
2731,tsn
2732,sot
2733,ssw
2734,xho
2735,xho
2736,afr
2737,afr
2738,xho
2739,ssw
2740,xho
2741,tso
2742,xho
2743,ven
2744,xho
2745,ven
2746,ssw
2747,ven
2748,xho
2749,ssw
2750,afr
2751,ven
2752,ven
2753,nbl
2754,afr
2755,ssw
2756,sot
2757,tso
2758,nbl
2759,xho
2760,afr
2761,ven
2762,afr
2763,xho
2764,xho
2765,xho
2766,afr
2767,afr
2768,eng
2769,sot
2770,ssw
2771,eng
2772,nso
2773,xho
2774,ven
2775,ven
2776,eng
2777,xho
2778,ssw
2779,ven
2780,ven
2781,xho
2782,nbl
2783,xho
2784,nbl
2785,ven
2786,ssw
2787,eng
2788,nbl
2789,ssw
2790,xho
2791,afr
2792,xho
2793,ssw
2794,sot
2795,afr
2796,nso
2797,eng
2798,afr
2799,ssw
2800,ven
2801,ssw
2802,nbl
2803,ven
2804,ssw
2805,nbl
2806,ven
2807,ssw
2808,xho
2809,xho
2810,eng
2811,eng
2812,ssw
2813,ven
2814,zul
2815,afr
2816,eng
2817,eng
2818,zul
2819,xho
2820,xho
2821,xho
2822,xho
2823,xho
2824,xho
2825,ven
2826,afr
2827,tso
2828,xho
2829,xho
2830,ven
2831,ssw
2832,tso
2833,nso
2834,nso
2835,xho
2836,zul
2837,eng
2838,afr
2839,ven
2840,xho
2841,xho
2842,xho
2843,nbl
2844,xho
2845,ssw
2846,xho
2847,ssw
2848,xho
2849,nbl
2850,xho
2851,zul
2852,ssw
2853,xho
2854,afr
2855,xho
2856,xho
2857,xho
2858,zul
2859,ssw
2860,ssw
2861,nbl
2862,tso
2863,ssw
2864,xho
2865,xho
2866,zul
2867,xho
2868,nbl
2869,ssw
2870,xho
2871,xho
2872,tso
2873,afr
2874,ssw
2875,xho
2876,tso
2877,xho
2878,ven
2879,ssw
2880,ven
2881,ssw
2882,xho
2883,afr
2884,xho
2885,eng
2886,ssw
2887,ven
2888,xho
2889,ven
2890,afr
2891,afr
2892,afr
2893,zul
2894,xho
2895,nbl
2896,xho
2897,xho
2898,zul
2899,ssw
2900,nbl
2901,tso
2902,nbl
2903,afr
2904,xho
2905,eng
2906,afr
2907,xho
2908,xho
2909,xho
2910,afr
2911,afr
2912,ssw
2913,ven
2914,nbl
2915,sot
2916,ssw
2917,xho
2918,xho
2919,xho
2920,ssw
2921,sot
2922,ven
2923,ven
2924,eng
2925,ssw
2926,xho
2927,ssw
2928,sot
2929,xho
2930,sot
2931,xho
2932,xho
2933,xho
2934,xho
2935,ven
2936,afr
2937,eng
2938,afr
2939,tsn
2940,nbl
2941,tso
2942,xho
2943,xho
2944,ssw
2945,nbl
2946,nbl
2947,xho
2948,xho
2949,ssw
2950,xho
2951,xho
2952,tso
2953,xho
2954,afr
2955,ssw
2956,afr
2957,ven
2958,nbl
2959,xho
2960,eng
2961,ssw
2962,xho
2963,zul
2964,xho
2965,xho
2966,xho
2967,afr
2968,nbl
2969,xho
2970,xho
2971,ven
2972,zul
2973,ven
2974,zul
2975,ven
2976,xho
2977,afr
2978,xho
2979,ssw
2980,nso
2981,afr
2982,sot
2983,ssw
2984,afr
2985,zul
2986,xho
2987,xho
2988,eng
2989,xho
2990,tso
2991,ssw
2992,xho
2993,ssw
2994,ssw
2995,afr
2996,eng
2997,xho
2998,xho
2999,xho
3000,zul
3001,afr
3002,xho
3003,xho
3004,ven
3005,ven
3006,xho
3007,nbl
3008,ven
3009,afr
3010,eng
3011,ssw
3012,xho
3013,nbl
3014,xho
3015,ven
3016,ssw
3017,xho
3018,xho
3019,xho
3020,nbl
3021,xho
3022,eng
3023,xho
3024,ssw
3025,xho
3026,ven
3027,afr
3028,nbl
3029,tso
3030,afr
3031,xho
3032,zul
3033,eng
3034,xho
3035,ssw
3036,eng
3037,xho
3038,xho
3039,ven
3040,xho
3041,nso
3042,ven
3043,xho
3044,ssw
3045,xho
3046,xho
3047,zul
3048,zul
3049,xho
3050,afr
3051,xho
3052,xho
3053,xho
3054,tso
3055,ven
3056,xho
3057,afr
3058,zul
3059,xho
3060,xho
3061,xho
3062,afr
3063,zul
3064,tsn
3065,nso
3066,nso
3067,xho
3068,tso
3069,ven
3070,ven
3071,xho
3072,ven
3073,nbl
3074,xho
3075,zul
3076,afr
3077,ssw
3078,eng
3079,xho
3080,ssw
3081,ssw
3082,xho
3083,eng
3084,afr
3085,ven
3086,ssw
3087,eng
3088,tso
3089,xho
3090,xho
3091,xho
3092,tso
3093,ven
3094,xho
3095,afr
3096,eng
3097,nbl
3098,ssw
3099,afr
3100,xho
3101,afr
3102,ven
3103,xho
3104,sot
3105,ven
3106,xho
3107,afr
3108,ven
3109,ssw
3110,sot
3111,xho
3112,xho
3113,xho
3114,ssw
3115,eng
3116,ven
3117,xho
3118,nbl
3119,tso
3120,xho
3121,sot
3122,afr
3123,xho
3124,eng
3125,xho
3126,xho
3127,eng
3128,xho
3129,ven
3130,xho
3131,ven
3132,ssw
3133,xho
3134,ssw
3135,ssw
3136,nbl
3137,afr
3138,xho
3139,eng
3140,afr
3141,afr
3142,xho
3143,xho
3144,xho
3145,ssw
3146,xho
3147,xho
3148,xho
3149,zul
3150,zul
3151,nbl
3152,afr
3153,xho
3154,ssw
3155,xho
3156,ssw
3157,xho
3158,afr
3159,ssw
3160,zul
3161,ssw
3162,ssw
3163,nbl
3164,xho
3165,nbl
3166,zul
3167,ssw
3168,afr
3169,afr
3170,afr
3171,xho
3172,ven
3173,ven
3174,ven
3175,ven
3176,ven
3177,ssw
3178,zul
3179,xho
3180,eng
3181,zul
3182,xho
3183,nbl
3184,ssw
3185,xho
3186,ssw
3187,xho
3188,nbl
3189,xho
3190,ven
3191,ssw
3192,afr
3193,xho
3194,ven
3195,nbl
3196,xho
3197,ssw
3198,afr
3199,afr
3200,ssw
3201,ssw
3202,ven
3203,ssw
3204,xho
3205,afr
3206,zul
3207,nbl
3208,afr
3209,nso
3210,afr
3211,ssw
3212,afr
3213,xho
3214,zul
3215,nbl
3216,xho
3217,afr
3218,ssw
3219,xho
3220,afr
3221,nbl
3222,afr
3223,zul
3224,xho
3225,afr
3226,sot
3227,xho
3228,nbl
3229,tso
3230,nso
3231,ven
3232,xho
3233,zul
3234,xho
3235,xho
3236,ven
3237,nso
3238,xho
3239,ssw
3240,xho
3241,xho
3242,ssw
3243,ssw
3244,ssw
3245,xho
3246,afr
3247,xho
3248,afr
3249,tso
3250,xho
3251,eng
3252,nbl
3253,nbl
3254,ven
3255,xho
3256,tso
3257,xho
3258,zul
3259,ssw
3260,ven
3261,ssw
3262,ven
3263,xho
3264,xho
3265,xho
3266,xho
3267,zul
3268,zul
3269,ssw
3270,afr
3271,xho
3272,nbl
3273,ssw
3274,xho
3275,ven
3276,afr
3277,xho
3278,afr
3279,xho
3280,xho
3281,xho
3282,xho
3283,ssw
3284,xho
3285,xho
3286,ven
3287,xho
3288,xho
3289,xho
3290,xho
3291,xho
3292,xho
3293,nso
3294,xho
3295,tso
3296,xho
3297,nbl
3298,xho
3299,xho
3300,eng
3301,ven
3302,afr
3303,afr
3304,ven
3305,afr
3306,eng
3307,ssw
3308,tso
3309,xho
3310,afr
3311,nbl
3312,ven
3313,eng
3314,ven
3315,xho
3316,ven
3317,xho
3318,xho
3319,zul
3320,afr
3321,xho
3322,eng
3323,sot
3324,sot
3325,ven
3326,eng
3327,afr
3328,tsn
3329,ssw
3330,ven
3331,ven
3332,nbl
3333,ven
3334,xho
3335,xho
3336,xho
3337,ven
3338,nso
3339,ssw
3340,afr
3341,xho
3342,tso
3343,afr
3344,xho
3345,tso
3346,ven
3347,afr
3348,afr
3349,nbl
3350,afr
3351,ssw
3352,zul
3353,xho
3354,afr
3355,xho
3356,sot
3357,zul
3358,nbl
3359,tso
3360,ven
3361,zul
3362,xho
3363,ssw
3364,nbl
3365,ssw
3366,xho
3367,xho
3368,tso
3369,ssw
3370,xho
3371,ssw
3372,nbl
3373,xho
3374,ssw
3375,ssw
3376,afr
3377,xho
3378,eng
3379,ven
3380,ven
3381,nbl
3382,ven
3383,nso
3384,ssw
3385,sot
3386,xho
3387,xho
3388,ven
3389,afr
3390,afr
3391,xho
3392,xho
3393,ven
3394,eng
3395,nso
3396,tso
3397,ven
3398,xho
3399,xho
3400,xho
3401,xho
3402,tso
3403,sot
3404,nbl
3405,afr
3406,xho
3407,ssw
3408,xho
3409,ven
3410,nbl
3411,xho
3412,ssw
3413,ssw
3414,xho
3415,nbl
3416,afr
3417,ssw
3418,xho
3419,ven
3420,xho
3421,nbl
3422,zul
3423,xho
3424,afr
3425,xho
3426,ssw
3427,nbl
3428,tso
3429,xho
3430,zul
3431,xho
3432,xho
3433,xho
3434,ssw
3435,ven
3436,zul
3437,ssw
3438,xho
3439,ssw
3440,afr
3441,tso
3442,xho
3443,tso
3444,sot
3445,afr
3446,xho
3447,zul
3448,xho
3449,ven
3450,xho
3451,xho
3452,ssw
3453,ven
3454,xho
3455,sot
3456,xho
3457,xho
3458,nso
3459,xho
3460,xho
3461,ssw
3462,xho
3463,ssw
3464,afr
3465,xho
3466,sot
3467,ven
3468,afr
3469,zul
3470,eng
3471,xho
3472,xho
3473,zul
3474,zul
3475,nbl
3476,ssw
3477,xho
3478,nbl
3479,xho
3480,afr
3481,ven
3482,xho
3483,nso
3484,afr
3485,sot
3486,ven
3487,ssw
3488,xho
3489,eng
3490,afr
3491,ssw
3492,ven
3493,xho
3494,xho
3495,tso
3496,ven
3497,afr
3498,afr
3499,afr
3500,xho
3501,xho
3502,xho
3503,ssw
3504,ssw
3505,zul
3506,ven
3507,afr
3508,tso
3509,sot
3510,tso
3511,afr
3512,xho
3513,xho
3514,nso
3515,afr
3516,xho
3517,ssw
3518,ven
3519,sot
3520,zul
3521,ssw
3522,sot
3523,afr
3524,xho
3525,zul
3526,ven
3527,xho
3528,xho
3529,nbl
3530,zul
3531,eng
3532,ven
3533,afr
3534,xho
3535,ssw
3536,nbl
3537,ven
3538,ven
3539,xho
3540,nso
3541,ssw
3542,afr
3543,xho
3544,ssw
3545,zul
3546,xho
3547,xho
3548,ven
3549,xho
3550,ssw
3551,eng
3552,xho
3553,nbl
3554,xho
3555,xho
3556,nso
3557,ven
3558,xho
3559,ven
3560,nbl
3561,afr
3562,nbl
3563,zul
3564,ven
3565,tso
3566,tsn
3567,nbl
3568,nbl
3569,afr
3570,zul
3571,nbl
3572,nso
3573,nbl
3574,ven
3575,ven
3576,zul
3577,sot
3578,xho
3579,afr
3580,nbl
3581,eng
3582,afr
3583,xho
3584,ssw
3585,xho
3586,xho
3587,sot
3588,ssw
3589,zul
3590,ven
3591,ssw
3592,ssw
3593,xho
3594,xho
3595,xho
3596,xho
3597,ssw
3598,ven
3599,zul
3600,xho
3601,sot
3602,nbl
3603,xho
3604,nbl
3605,afr
3606,xho
3607,eng
3608,xho
3609,ven
3610,ven
3611,tso
3612,ssw
3613,afr
3614,xho
3615,zul
3616,xho
3617,ssw
3618,xho
3619,zul
3620,zul
3621,ssw
3622,ssw
3623,tso
3624,xho
3625,nso
3626,sot
3627,afr
3628,xho
3629,ven
3630,ven
3631,xho
3632,eng
3633,xho
3634,xho
3635,afr
3636,ssw
3637,xho
3638,xho
3639,sot
3640,ssw
3641,afr
3642,xho
3643,xho
3644,xho
3645,ven
3646,nbl
3647,eng
3648,xho
3649,ssw
3650,eng
3651,nso
3652,tso
3653,xho
3654,eng
3655,zul
3656,eng
3657,ven
3658,eng
3659,zul
3660,xho
3661,afr
3662,eng
3663,xho
3664,xho
3665,nbl
3666,ven
3667,xho
3668,nso
3669,zul
3670,eng
3671,xho
3672,zul
3673,ven
3674,xho
3675,eng
3676,ssw
3677,ven
3678,xho
3679,afr
3680,ssw
3681,ssw
3682,xho
3683,afr
3684,xho
3685,xho
3686,afr
3687,ssw
3688,afr
3689,sot
3690,eng
3691,nbl
3692,nbl
3693,ven
3694,nbl
3695,eng
3696,eng
3697,xho
3698,ssw
3699,xho
3700,xho
3701,xho
3702,afr
3703,ssw
3704,ven
3705,xho
3706,xho
3707,xho
3708,xho
3709,xho
3710,ven
3711,xho
3712,afr
3713,xho
3714,xho
3715,xho
3716,xho
3717,ven
3718,ven
3719,afr
3720,xho
3721,xho
3722,ssw
3723,xho
3724,xho
3725,xho
3726,xho
3727,afr
3728,xho
3729,xho
3730,eng
3731,xho
3732,nbl
3733,xho
3734,zul
3735,xho
3736,nbl
3737,xho
3738,xho
3739,ssw
3740,xho
3741,nbl
3742,eng
3743,eng
3744,xho
3745,afr
3746,xho
3747,xho
3748,sot
3749,ssw
3750,zul
3751,xho
3752,nbl
3753,afr
3754,nso
3755,zul
3756,afr
3757,ssw
3758,eng
3759,ssw
3760,tso
3761,xho
3762,tso
3763,ssw
3764,ven
3765,sot
3766,xho
3767,xho
3768,xho
3769,xho
3770,ssw
3771,eng
3772,xho
3773,ssw
3774,ven
3775,ven
3776,eng
3777,xho
3778,zul
3779,ssw
3780,ven
3781,nbl
3782,afr
3783,afr
3784,ven
3785,xho
3786,zul
3787,xho
3788,afr
3789,xho
3790,xho
3791,ven
3792,xho
3793,nbl
3794,tso
3795,ven
3796,ven
3797,ven
3798,xho
3799,xho
3800,eng
3801,ssw
3802,zul
3803,ssw
3804,zul
3805,ssw
3806,xho
3807,eng
3808,xho
3809,xho
3810,xho
3811,ven
3812,afr
3813,xho
3814,xho
3815,ven
3816,ven
3817,zul
3818,ven
3819,ven
3820,afr
3821,eng
3822,afr
3823,xho
3824,tso
3825,afr
3826,xho
3827,sot
3828,xho
3829,ssw
3830,afr
3831,zul
3832,zul
3833,zul
3834,xho
3835,ven
3836,eng
3837,zul
3838,xho
3839,eng
3840,xho
3841,nso
3842,xho
3843,ssw
3844,sot
3845,xho
3846,tso
3847,ssw
3848,ven
3849,afr
3850,xho
3851,ven
3852,ssw
3853,ven
3854,xho
3855,ven
3856,ssw
3857,afr
3858,ven
3859,eng
3860,afr
3861,xho
3862,xho
3863,ssw
3864,ssw
3865,zul
3866,xho
3867,ven
3868,ven
3869,ssw
3870,eng
3871,ven
3872,xho
3873,afr
3874,xho
3875,xho
3876,ssw
3877,eng
3878,xho
3879,ssw
3880,xho
3881,ven
3882,xho
3883,ven
3884,ven
3885,eng
3886,sot
3887,ven
3888,xho
3889,ven
3890,xho
3891,xho
3892,tso
3893,eng
3894,afr
3895,nbl
3896,xho
3897,nso
3898,ssw
3899,ssw
3900,tso
3901,xho
3902,nso
3903,ssw
3904,nbl
3905,eng
3906,afr
3907,afr
3908,xho
3909,xho
3910,xho
3911,xho
3912,xho
3913,ssw
3914,xho
3915,ven
3916,afr
3917,xho
3918,afr
3919,ven
3920,nbl
3921,zul
3922,ssw
3923,nbl
3924,sot
3925,xho
3926,nbl
3927,tsn
3928,afr
3929,xho
3930,xho
3931,xho
3932,nbl
3933,ven
3934,afr
3935,ven
3936,ssw
3937,zul
3938,ssw
3939,xho
3940,sot
3941,xho
3942,tso
3943,nbl
3944,tso
3945,xho
3946,afr
3947,afr
3948,ssw
3949,ssw
3950,eng
3951,afr
3952,xho
3953,ven
3954,xho
3955,xho
3956,zul
3957,xho
3958,xho
3959,ssw
3960,ssw
3961,ssw
3962,afr
3963,eng
3964,ven
3965,xho
3966,nbl
3967,eng
3968,ssw
3969,xho
3970,ven
3971,ssw
3972,ssw
3973,ven
3974,afr
3975,zul
3976,xho
3977,afr
3978,afr
3979,ven
3980,ven
3981,eng
3982,zul
3983,xho
3984,nbl
3985,eng
3986,afr
3987,xho
3988,ven
3989,xho
3990,xho
3991,zul
3992,ssw
3993,ven
3994,ssw
3995,sot
3996,eng
3997,xho
3998,xho
3999,afr
4000,ven
4001,xho
4002,xho
4003,xho
4004,zul
4005,xho
4006,ven
4007,xho
4008,afr
4009,ssw
4010,afr
4011,xho
4012,afr
4013,xho
4014,ssw
4015,afr
4016,zul
4017,xho
4018,xho
4019,zul
4020,ssw
4021,xho
4022,nbl
4023,ven
4024,eng
4025,xho
4026,xho
4027,xho
4028,xho
4029,nbl
4030,zul
4031,ssw
4032,nso
4033,ssw
4034,ven
4035,tso
4036,zul
4037,ven
4038,eng
4039,xho
4040,tso
4041,zul
4042,zul
4043,nbl
4044,ssw
4045,zul
4046,ssw
4047,tso
4048,eng
4049,xho
4050,zul
4051,ssw
4052,nbl
4053,xho
4054,afr
4055,eng
4056,xho
4057,xho
4058,xho
4059,afr
4060,zul
4061,ven
4062,sot
4063,xho
4064,xho
4065,eng
4066,ssw
4067,nso
4068,zul
4069,afr
4070,eng
4071,xho
4072,xho
4073,afr
4074,nbl
4075,tso
4076,afr
4077,ven
4078,xho
4079,ven
4080,eng
4081,ssw
4082,ven
4083,ven
4084,afr
4085,afr
4086,ven
4087,nbl
4088,eng
4089,ssw
4090,nso
4091,xho
4092,afr
4093,ssw
4094,xho
4095,xho
4096,ssw
4097,xho
4098,xho
4099,xho
4100,afr
4101,ssw
4102,xho
4103,ssw
4104,xho
4105,eng
4106,xho
4107,xho
4108,ven
4109,afr
4110,xho
4111,ssw
4112,ven
4113,ssw
4114,ssw
4115,xho
4116,xho
4117,nso
4118,xho
4119,nbl
4120,ven
4121,zul
4122,afr
4123,xho
4124,nbl
4125,ssw
4126,ven
4127,ven
4128,nbl
4129,ven
4130,xho
4131,ven
4132,xho
4133,ven
4134,tsn
4135,afr
4136,ven
4137,ven
4138,xho
4139,xho
4140,xho
4141,ssw
4142,xho
4143,afr
4144,sot
4145,ssw
4146,ssw
4147,ven
4148,ssw
4149,afr
4150,zul
4151,ven
4152,xho
4153,eng
4154,ven
4155,xho
4156,xho
4157,afr
4158,xho
4159,zul
4160,zul
4161,xho
4162,sot
4163,xho
4164,afr
4165,afr
4166,afr
4167,afr
4168,xho
4169,afr
4170,afr
4171,afr
4172,ssw
4173,xho
4174,xho
4175,ssw
4176,eng
4177,eng
4178,afr
4179,ven
4180,sot
4181,tso
4182,xho
4183,ssw
4184,xho
4185,ssw
4186,eng
4187,ven
4188,afr
4189,ven
4190,xho
4191,tso
4192,afr
4193,xho
4194,ven
4195,ven
4196,afr
4197,eng
4198,zul
4199,afr
4200,xho
4201,tso
4202,nso
4203,tso
4204,ven
4205,xho
4206,eng
4207,nbl
4208,zul
4209,xho
4210,xho
4211,afr
4212,xho
4213,xho
4214,ven
4215,sot
4216,nbl
4217,afr
4218,zul
4219,afr
4220,xho
4221,sot
4222,xho
4223,nbl
4224,ssw
4225,xho
4226,xho
4227,xho
4228,xho
4229,ven
4230,xho
4231,xho
4232,nbl
4233,tsn
4234,eng
4235,ssw
4236,xho
4237,eng
4238,xho
4239,ven
4240,xho
4241,tso
4242,ssw
4243,ven
4244,nbl
4245,xho
4246,afr
4247,xho
4248,ssw
4249,xho
4250,afr
4251,xho
4252,eng
4253,ssw
4254,nbl
4255,zul
4256,eng
4257,xho
4258,afr
4259,nbl
4260,ssw
4261,xho
4262,ssw
4263,afr
4264,zul
4265,nso
4266,tso
4267,xho
4268,xho
4269,xho
4270,afr
4271,xho
4272,xho
4273,xho
4274,ven
4275,xho
4276,zul
4277,xho
4278,ssw
4279,nbl
4280,xho
4281,sot
4282,afr
4283,ssw
4284,xho
4285,xho
4286,nbl
4287,xho
4288,afr
4289,xho
4290,xho
4291,ssw
4292,zul
4293,xho
4294,xho
4295,ven
4296,xho
4297,nbl
4298,ven
4299,xho
4300,nbl
4301,eng
4302,tso
4303,tso
4304,nso
4305,afr
4306,afr
4307,xho
4308,ven
4309,nso
4310,tsn
4311,eng
4312,eng
4313,xho
4314,xho
4315,xho
4316,ssw
4317,xho
4318,nbl
4319,afr
4320,eng
4321,sot
4322,xho
4323,xho
4324,xho
4325,xho
4326,ven
4327,nbl
4328,afr
4329,ssw
4330,afr
4331,xho
4332,ven
4333,ssw
4334,xho
4335,nbl
4336,xho
4337,ven
4338,zul
4339,sot
4340,ssw
4341,xho
4342,ssw
4343,zul
4344,xho
4345,xho
4346,xho
4347,sot
4348,afr
4349,sot
4350,ven
4351,xho
4352,xho
4353,xho
4354,afr
4355,afr
4356,ven
4357,xho
4358,afr
4359,ven
4360,zul
4361,afr
4362,nbl
4363,nbl
4364,zul
4365,afr
4366,ven
4367,xho
4368,ven
4369,zul
4370,nso
4371,nso
4372,zul
4373,eng
4374,eng
4375,afr
4376,xho
4377,xho
4378,tsn
4379,ssw
4380,xho
4381,xho
4382,xho
4383,xho
4384,tso
4385,xho
4386,xho
4387,afr
4388,ven
4389,xho
4390,afr
4391,zul
4392,afr
4393,xho
4394,ssw
4395,xho
4396,ssw
4397,xho
4398,xho
4399,xho
4400,ven
4401,ven
4402,xho
4403,nbl
4404,ssw
4405,ven
4406,afr
4407,ssw
4408,xho
4409,ven
4410,nbl
4411,afr
4412,nso
4413,xho
4414,xho
4415,xho
4416,tso
4417,xho
4418,ven
4419,sot
4420,xho
4421,zul
4422,xho
4423,sot
4424,xho
4425,ssw
4426,eng
4427,tso
4428,afr
4429,eng
4430,eng
4431,nbl
4432,eng
4433,afr
4434,afr
4435,xho
4436,xho
4437,sot
4438,ssw
4439,xho
4440,xho
4441,xho
4442,eng
4443,eng
4444,xho
4445,tso
4446,ven
4447,xho
4448,ssw
4449,sot
4450,ssw
4451,afr
4452,xho
4453,xho
4454,nbl
4455,ven
4456,xho
4457,ven
4458,xho
4459,eng
4460,tso
4461,afr
4462,ven
4463,xho
4464,ssw
4465,xho
4466,zul
4467,xho
4468,sot
4469,ssw
4470,ssw
4471,ven
4472,ven
4473,afr
4474,ven
4475,xho
4476,xho
4477,xho
4478,nbl
4479,ssw
4480,nbl
4481,xho
4482,tso
4483,nbl
4484,nso
4485,xho
4486,zul
4487,afr
4488,xho
4489,ven
4490,afr
4491,afr
4492,xho
4493,ssw
4494,xho
4495,xho
4496,tso
4497,sot
4498,afr
4499,xho
4500,afr
4501,xho
4502,ssw
4503,tso
4504,xho
4505,ven
4506,zul
4507,ssw
4508,zul
4509,ssw
4510,eng
4511,xho
4512,xho
4513,ssw
4514,xho
4515,ssw
4516,ven
4517,ssw
4518,afr
4519,ssw
4520,nbl
4521,afr
4522,ven
4523,tso
4524,ssw
4525,xho
4526,ven
4527,nbl
4528,ven
4529,ssw
4530,afr
4531,xho
4532,ssw
4533,xho
4534,xho
4535,xho
4536,nbl
4537,tsn
4538,zul
4539,nbl
4540,eng
4541,xho
4542,ven
4543,nbl
4544,afr
4545,afr
4546,ven
4547,ven
4548,tso
4549,ssw
4550,ssw
4551,ven
4552,xho
4553,nbl
4554,xho
4555,ssw
4556,afr
4557,zul
4558,xho
4559,afr
4560,afr
4561,xho
4562,ssw
4563,xho
4564,nbl
4565,afr
4566,eng
4567,afr
4568,ssw
4569,zul
4570,eng
4571,eng
4572,eng
4573,zul
4574,xho
4575,zul
4576,ssw
4577,nbl
4578,xho
4579,xho
4580,xho
4581,afr
4582,afr
4583,afr
4584,afr
4585,nbl
4586,afr
4587,xho
4588,afr
4589,xho
4590,afr
4591,eng
4592,ven
4593,afr
4594,ven
4595,xho
4596,ssw
4597,ven
4598,eng
4599,ssw
4600,ven
4601,ven
4602,eng
4603,eng
4604,ssw
4605,xho
4606,afr
4607,xho
4608,xho
4609,xho
4610,nso
4611,xho
4612,nbl
4613,afr
4614,ven
4615,xho
4616,ssw
4617,eng
4618,tso
4619,afr
4620,xho
4621,tso
4622,xho
4623,afr
4624,xho
4625,xho
4626,xho
4627,tso
4628,xho
4629,afr
4630,ven
4631,nbl
4632,xho
4633,eng
4634,tso
4635,ven
4636,nbl
4637,nbl
4638,ssw
4639,zul
4640,xho
4641,xho
4642,afr
4643,afr
4644,eng
4645,afr
4646,afr
4647,afr
4648,nbl
4649,xho
4650,zul
4651,xho
4652,eng
4653,ssw
4654,xho
4655,ven
4656,ssw
4657,zul
4658,zul
4659,afr
4660,nso
4661,xho
4662,xho
4663,ven
4664,nbl
4665,ssw
4666,ssw
4667,xho
4668,ssw
4669,eng
4670,afr
4671,xho
4672,afr
4673,ssw
4674,xho
4675,nso
4676,ssw
4677,ssw
4678,xho
4679,ven
4680,eng
4681,afr
4682,xho
4683,xho
4684,sot
4685,ven
4686,ven
4687,ssw
4688,xho
4689,xho
4690,afr
4691,ssw
4692,xho
4693,nbl
4694,afr
4695,ssw
4696,nbl
4697,sot
4698,xho
4699,xho
4700,nbl
4701,afr
4702,xho
4703,xho
4704,xho
4705,eng
4706,nbl
4707,ssw
4708,nbl
4709,xho
4710,xho
4711,ssw
4712,xho
4713,afr
4714,ven
4715,ven
4716,xho
4717,xho
4718,zul
4719,nso
4720,tso
4721,ven
4722,tso
4723,xho
4724,xho
4725,sot
4726,xho
4727,tsn
4728,xho
4729,ven
4730,xho
4731,nso
4732,ssw
4733,sot
4734,eng
4735,ssw
4736,afr
4737,ssw
4738,ven
4739,xho
4740,tsn
4741,ven
4742,ssw
4743,afr
4744,nbl
4745,zul
4746,ven
4747,xho
4748,ven
4749,xho
4750,ssw
4751,zul
4752,xho
4753,eng
4754,ssw
4755,eng
4756,xho
4757,ven
4758,afr
4759,xho
4760,ssw
4761,afr
4762,ssw
4763,ssw
4764,xho
4765,nbl
4766,nso
4767,nbl
4768,xho
4769,sot
4770,ssw
4771,xho
4772,ssw
4773,eng
4774,xho
4775,eng
4776,tso
4777,ven
4778,nbl
4779,zul
4780,nbl
4781,tsn
4782,ssw
4783,afr
4784,zul
4785,xho
4786,eng
4787,ssw
4788,ssw
4789,xho
4790,ssw
4791,xho
4792,xho
4793,xho
4794,xho
4795,ven
4796,tso
4797,eng
4798,afr
4799,tso
4800,ven
4801,nso
4802,afr
4803,nbl
4804,ssw
4805,ven
4806,eng
4807,zul
4808,ven
4809,xho
4810,xho
4811,xho
4812,xho
4813,nbl
4814,xho
4815,nso
4816,afr
4817,eng
4818,xho
4819,afr
4820,nbl
4821,xho
4822,afr
4823,ven
4824,afr
4825,nbl
4826,ven
4827,xho
4828,zul
4829,afr
4830,xho
4831,afr
4832,xho
4833,zul
4834,zul
4835,eng
4836,ven
4837,ven
4838,nbl
4839,xho
4840,ssw
4841,xho
4842,xho
4843,xho
4844,nso
4845,ssw
4846,ssw
4847,afr
4848,nbl
4849,afr
4850,xho
4851,nbl
4852,nbl
4853,afr
4854,zul
4855,tso
4856,xho
4857,ven
4858,xho
4859,zul
4860,ssw
4861,zul
4862,xho
4863,zul
4864,afr
4865,afr
4866,ven
4867,afr
4868,xho
4869,ssw
4870,xho
4871,nbl
4872,ven
4873,ssw
4874,xho
4875,ssw
4876,xho
4877,xho
4878,ssw
4879,xho
4880,xho
4881,ven
4882,ven
4883,xho
4884,xho
4885,ven
4886,afr
4887,xho
4888,tso
4889,afr
4890,xho
4891,xho
4892,eng
4893,afr
4894,afr
4895,tsn
4896,xho
4897,xho
4898,xho
4899,afr
4900,afr
4901,ssw
4902,afr
4903,afr
4904,xho
4905,xho
4906,xho
4907,xho
4908,tso
4909,tso
4910,xho
4911,eng
4912,eng
4913,tsn
4914,afr
4915,zul
4916,zul
4917,nbl
4918,nbl
4919,xho
4920,ven
4921,xho
4922,xho
4923,afr
4924,nbl
4925,xho
4926,nbl
4927,sot
4928,xho
4929,xho
4930,ven
4931,xho
4932,xho
4933,ven
4934,ven
4935,xho
4936,eng
4937,xho
4938,afr
4939,xho
4940,ven
4941,eng
4942,ven
4943,zul
4944,eng
4945,ssw
4946,ssw
4947,xho
4948,afr
4949,ven
4950,xho
4951,ssw
4952,nbl
4953,ven
4954,xho
4955,ven
4956,ssw
4957,tsn
4958,ven
4959,xho
4960,nbl
4961,sot
4962,xho
4963,ven
4964,nbl
4965,ven
4966,xho
4967,zul
4968,xho
4969,afr
4970,afr
4971,ven
4972,ven
4973,xho
4974,xho
4975,xho
4976,nbl
4977,afr
4978,sot
4979,xho
4980,xho
4981,xho
4982,ssw
4983,xho
4984,xho
4985,xho
4986,tso
4987,ssw
4988,xho
4989,sot
4990,ven
4991,nso
4992,afr
4993,nbl
4994,xho
4995,xho
4996,xho
4997,nbl
4998,xho
4999,ven
5000,ssw
5001,ven
5002,zul
5003,xho
5004,eng
5005,xho
5006,eng
5007,ven
5008,xho
5009,ssw
5010,xho
5011,ssw
5012,nbl
5013,ssw
5014,nbl
5015,nbl
5016,eng
5017,xho
5018,zul
5019,ssw
5020,nbl
5021,afr
5022,xho
5023,xho
5024,xho
5025,xho
5026,xho
5027,afr
5028,xho
5029,xho
5030,nbl
5031,sot
5032,ven
5033,xho
5034,nbl
5035,xho
5036,xho
5037,xho
5038,eng
5039,zul
5040,zul
5041,xho
5042,xho
5043,sot
5044,ven
5045,afr
5046,nbl
5047,xho
5048,xho
5049,ssw
5050,eng
5051,xho
5052,eng
5053,eng
5054,afr
5055,xho
5056,xho
5057,ven
5058,xho
5059,ssw
5060,xho
5061,eng
5062,xho
5063,afr
5064,xho
5065,zul
5066,ssw
5067,eng
5068,zul
5069,afr
5070,afr
5071,afr
5072,ven
5073,tso
5074,xho
5075,nso
5076,zul
5077,ssw
5078,xho
5079,tso
5080,xho
5081,xho
5082,ven
5083,xho
5084,ven
5085,zul
5086,ven
5087,eng
5088,ssw
5089,xho
5090,ssw
5091,nso
5092,xho
5093,xho
5094,ssw
5095,zul
5096,ssw
5097,afr
5098,ssw
5099,ven
5100,afr
5101,ven
5102,ven
5103,xho
5104,ven
5105,xho
5106,tso
5107,tso
5108,tso
5109,xho
5110,ven
5111,xho
5112,afr
5113,nbl
5114,zul
5115,ven
5116,nbl
5117,xho
5118,afr
5119,ven
5120,ven
5121,tso
5122,xho
5123,eng
5124,xho
5125,ven
5126,afr
5127,xho
5128,zul
5129,ssw
5130,xho
5131,xho
5132,ven
5133,zul
5134,ssw
5135,xho
5136,xho
5137,xho
5138,ven
5139,ssw
5140,xho
5141,xho
5142,afr
5143,xho
5144,nbl
5145,xho
5146,xho
5147,afr
5148,tso
5149,afr
5150,xho
5151,xho
5152,xho
5153,tsn
5154,sot
5155,xho
5156,sot
5157,afr
5158,zul
5159,eng
5160,zul
5161,ssw
5162,afr
5163,eng
5164,ssw
5165,xho
5166,ven
5167,nbl
5168,xho
5169,tsn
5170,ven
5171,afr
5172,xho
5173,ven
5174,xho
5175,xho
5176,zul
5177,ven
5178,eng
5179,xho
5180,xho
5181,nbl
5182,xho
5183,zul
5184,afr
5185,eng
5186,ven
5187,eng
5188,ven
5189,ssw
5190,afr
5191,xho
5192,xho
5193,xho
5194,xho
5195,xho
5196,ssw
5197,zul
5198,xho
5199,ven
5200,tso
5201,nbl
5202,afr
5203,xho
5204,ven
5205,ven
5206,xho
5207,ven
5208,xho
5209,ssw
5210,tso
5211,ven
5212,afr
5213,xho
5214,ven
5215,afr
5216,xho
5217,ven
5218,xho
5219,tso
5220,ven
5221,nso
5222,afr
5223,ssw
5224,afr
5225,xho
5226,nbl
5227,nbl
5228,tso
5229,ven
5230,ven
5231,afr
5232,afr
5233,afr
5234,afr
5235,tso
5236,ssw
5237,xho
5238,ssw
5239,xho
5240,zul
5241,sot
5242,ven
5243,ssw
5244,zul
5245,xho
5246,tso
5247,xho
5248,ven
5249,xho
5250,ssw
5251,xho
5252,xho
5253,xho
5254,afr
5255,xho
5256,nbl
5257,nbl
5258,nbl
5259,xho
5260,afr
5261,ven
5262,zul
5263,ven
5264,afr
5265,nbl
5266,nbl
5267,xho
5268,sot
5269,afr
5270,ssw
5271,ven
5272,ssw
5273,xho
5274,afr
5275,afr
5276,ssw
5277,afr
5278,xho
5279,eng
5280,ssw
5281,xho
5282,xho
5283,xho
5284,nbl
5285,xho
5286,afr
5287,afr
5288,xho
5289,afr
5290,ssw
5291,xho
5292,ven
5293,zul
5294,ssw
5295,ssw
5296,xho
5297,tsn
5298,nso
5299,ven
5300,zul
5301,xho
5302,zul
5303,xho
5304,zul
5305,afr
5306,xho
5307,zul
5308,tso
5309,afr
5310,ven
5311,ssw
5312,nbl
5313,nso
5314,zul
5315,xho
5316,xho
5317,xho
5318,afr
5319,eng
5320,xho
5321,afr
5322,eng
5323,ssw
5324,eng
5325,tso
5326,ssw
5327,xho
5328,nbl
5329,ssw
5330,afr
5331,xho
5332,ssw
5333,xho
5334,xho
5335,sot
5336,ven
5337,zul
5338,xho
5339,xho
5340,zul
5341,xho
5342,ssw
5343,sot
5344,eng
5345,ssw
5346,xho
5347,xho
5348,afr
5349,ssw
5350,tso
5351,xho
5352,nbl
5353,afr
5354,xho
5355,ven
5356,nbl
5357,xho
5358,xho
5359,nbl
5360,xho
5361,ven
5362,ven
5363,xho
5364,tso
5365,zul
5366,tso
5367,xho
5368,tso
5369,tso
5370,ven
5371,xho
5372,ven
5373,ssw
5374,tso
5375,ssw
5376,tso
5377,xho
5378,ssw
5379,xho
5380,ven
5381,nbl
5382,nbl
5383,xho
5384,tso
5385,zul
5386,ven
5387,xho
5388,ssw
5389,nbl
5390,ssw
5391,afr
5392,eng
5393,tso
5394,ssw
5395,eng
5396,ssw
5397,ssw
5398,xho
5399,afr
5400,ven
5401,zul
5402,eng
5403,afr
5404,ven
5405,xho
5406,xho
5407,afr
5408,xho
5409,ssw
5410,nbl
5411,nbl
5412,ssw
5413,eng
5414,xho
5415,tso
5416,sot
5417,xho
5418,xho
5419,ven
5420,xho
5421,ven
5422,ven
5423,afr
5424,xho
5425,eng
5426,ven
5427,xho
5428,ssw
5429,nbl
5430,ven
5431,afr
5432,zul
5433,nbl
5434,xho
5435,ven
5436,xho
5437,eng
5438,ssw
5439,zul
5440,xho
5441,eng
5442,xho
5443,xho
5444,zul
5445,afr
5446,xho
5447,xho
5448,ven
5449,nbl
5450,afr
5451,xho
5452,nbl
5453,ven
5454,tso
5455,nso
5456,ven
5457,xho
5458,tso
5459,ssw
5460,afr
5461,xho
5462,sot
5463,afr
5464,xho
5465,afr
5466,xho
5467,afr
5468,ssw
5469,eng
5470,nbl
5471,xho
5472,ven
5473,xho
5474,ven
5475,sot
5476,xho
5477,xho
5478,ssw
5479,nbl
5480,tso
5481,nbl
5482,nbl
5483,nbl
5484,xho
5485,xho
5486,xho
5487,xho
5488,zul
5489,zul
5490,xho
5491,zul
5492,sot
5493,ven
5494,xho
5495,ven
5496,sot
5497,ssw
5498,xho
5499,tso
5500,ssw
5501,eng
5502,sot
5503,afr
5504,eng
5505,zul
5506,ssw
5507,ssw
5508,afr
5509,ven
5510,tso
5511,ven
5512,xho
5513,ven
5514,ssw
5515,xho
5516,zul
5517,afr
5518,xho
5519,zul
5520,xho
5521,ssw
5522,xho
5523,xho
5524,xho
5525,ssw
5526,sot
5527,tso
5528,nbl
5529,afr
5530,xho
5531,afr
5532,ven
5533,ven
5534,xho
5535,xho
5536,xho
5537,xho
5538,afr
5539,tso
5540,zul
5541,eng
5542,zul
5543,nbl
5544,afr
5545,nso
5546,tso
5547,eng
5548,xho
5549,ven
5550,zul
5551,ssw
5552,ven
5553,xho
5554,xho
5555,sot
5556,ssw
5557,afr
5558,afr
5559,tso
5560,ven
5561,xho
5562,ven
5563,tso
5564,xho
5565,xho
5566,afr
5567,afr
5568,afr
5569,xho
5570,ven
5571,nbl
5572,ssw
5573,tso
5574,nbl
5575,nbl
5576,xho
5577,afr
5578,ssw
5579,xho
5580,eng
5581,xho
5582,xho
5583,tso
5584,ssw
5585,xho
5586,nbl
5587,xho
5588,xho
5589,xho
5590,afr
5591,eng
5592,tso
5593,xho
5594,ven
5595,xho
5596,xho
5597,ven
5598,xho
5599,afr
5600,xho
5601,zul
5602,nso
5603,eng
5604,eng
5605,tso
5606,xho
5607,ssw
5608,afr
5609,afr
5610,afr
5611,xho
5612,afr
5613,ven
5614,ven
5615,xho
5616,xho
5617,ssw
5618,afr
5619,ssw
5620,ven
5621,ssw
5622,xho
5623,xho
5624,afr
5625,xho
5626,ssw
5627,nbl
5628,afr
5629,xho
5630,nbl
5631,tso
5632,nbl
5633,nbl
5634,xho
5635,afr
5636,ven
5637,xho
5638,zul
5639,xho
5640,xho
5641,ven
5642,tso
5643,ssw
5644,xho
5645,xho
5646,zul
5647,ven
5648,xho
5649,tso
5650,nbl
5651,ven
5652,eng
5653,zul
5654,eng
5655,ven
5656,ven
5657,zul
5658,ven
5659,xho
5660,ven
5661,xho
5662,xho
5663,xho
5664,xho
5665,ven
5666,afr
5667,xho
5668,nso
5669,zul
5670,xho
5671,ssw
5672,eng
5673,xho
5674,tso
5675,ven
5676,sot
5677,xho
5678,xho
5679,ven
5680,sot
5681,eng
5682,xho
